Modes,Bin_0,Bin_1,Bin_2,Bin_3,Bin_4,Bin_5,Bin_6,Bin_7,Bin_8,Bin_9,Bin_10,Bin_11,Bin_12,Bin_13,Bin_14,Bin_15,Bin_16,Bin_17,Bin_18,Bin_19,Bin_20,Bin_21,Bin_22,Bin_23,Bin_24,
bus,0,0,0,0,0,1.0021425462331435E11,4.631244487745377E11,3.8025596647973724E11,4.398681973464344E11,3.703897639803618E11,3.535547145819191E11,3.518933031532277E11,3.552749067025851E11,3.625882900204381E11,3.663915620940985E11,3.007729550450576E11,4.305123345513901E11,4.305240060234159E11,4.8078097066977985E11,2.0960823180251736E11,1.3423656067687825E11,1.0261001954247414E11,0,0,0,
car,0,0,0,0,0,0,7.288497485119439E8,2.3965854832613544E11,1.727081322550705E12,1.8466895965165813E12,7.028936777976855E11,3.1336750117958563E11,3.824632134820495E11,4.6237427265359845E11,3.9731228936991864E11,4.437605472307597E11,5.0960362840397736E11,1.0387242241578591E12,1.6365706400499805E12,1.3669811499089583E12,9.588916292093649E11,6.4008218168165E11,2.7806056773152704E11,8.357356493498479E10,2.34889837377736E10,
rideHail,0,0,0,0,0,0,0,2.51770456359576E8,3.784981330344384E9,7.50026596977018E9,1.6947430594895006E10,2.285804392244321E10,3.801642206728754E10,3.0052104876202282E10,4.701996948694363E10,3.0391564789392017E10,2.7669573337155148E10,3.3262911603751556E10,8.584430549843768E10,2.3127747985108368E10,5.397457185747271E10,3.4096220986776592E10,1.7592931526338585E10,9.795577533196499E9,6.404073417233566E9,
walk,0,0,0,0,0,0,0.0,4.21917382243798,15.032521716027633,31.361014352233653,42.995735753351234,45.736258283214596,59.01640986789266,74.79012816784028,95.21310289200125,96.42121549605653,109.10757098632166,122.34374316603818,118.43308022466228,101.35671477314919,104.18124920657958,102.52844112995383,57.12635898121803,13.076179651974664,5.486114116224142,
