Modes,Bin_0,Bin_1,Bin_2,Bin_3,Bin_4,Bin_5,Bin_6,Bin_7,Bin_8,Bin_9,Bin_10,Bin_11,Bin_12,Bin_13,Bin_14,Bin_15,Bin_16,Bin_17,Bin_18,Bin_19,Bin_20,Bin_21,Bin_22,Bin_23,Bin_24,
bus,1.10379068262624E10,3.2315131550377987E10,7.230325291418428E10,5.144277783131712E10,2.434533480183609E11,2.7675467990030164E11,3.128390223818399E11,2.7487872714727094E11,2.880939533022701E11,2.4646093762886765E11,2.3260942411163907E11,1.2418676474138191E11,9.192779744772847E10,1.2699758590264282E11,1.257838095475633E11,1.525111075322437E11,1.6499639122946634E11,1.3441346664261737E11,1.412631329922012E11,9.665099725745808E10,7.296369373985486E10,2.705499767001427E10,4.851364341866559E10,1.51286196429312E10,2.6798951932255993E9,
car,0,0,0,0,0,0,7.288497485119439E8,2.475127448843065E11,1.7310420263654263E12,1.828403591620796E12,7.201604400351433E11,3.0867083589876044E11,3.9293162263757385E11,4.1159041249760474E11,4.267753654777486E11,4.613811129681735E11,4.947757567847906E11,9.656483466244501E11,1.5061368544952842E12,1.4392388447255808E12,1.1000804722357651E12,6.243780730557969E11,3.477029244785563E11,1.0922339477099423E11,2.6149145941381138E10,
rideHail,0,0,0,0,0,0,0,2.4869935294737473E9,1.637670073030671E10,2.0806074927439526E10,2.433732476519377E10,3.0603097551807484E10,4.413160852696856E10,4.896129352739255E10,6.565634858880763E10,3.735456939457761E10,5.199038432658649E10,4.938952975884598E10,9.607058250154851E10,4.495291518507034E10,7.166814408252159E10,3.662146617510383E10,1.929059298677948E10,7.020922252080526E9,6.18471247775407E9,
walk,0,0,0,0,0,0,0.0,1.5556922124379853,17.397232415027617,24.454950529233614,41.98936380335133,68.59244346421487,84.70675777918218,116.29525001100755,137.12011624148303,157.43344799005715,141.97508188132167,131.04125309920204,150.1538357906626,137.04364658114864,113.51935280527239,120.06814055852854,52.53488431350763,27.382102043974676,13.339664610224139,
